{
  "last_update": "2025-12-03 19:17:01",
  "sensors": [
    {
      "sensor_id": "lab1_temp_1",
      "lab_id": "lab1",
      "type": "temp"
    },
    {
      "sensor_id": "lab1_temp_2",
      "lab_id": "lab1",
      "type": "temp"
    },
    {
      "sensor_id": "lab1_hum_1",
      "lab_id": "lab1",
      "type": "hum"
    },
    {
      "sensor_id": "lab1_hum_2",
      "lab_id": "lab1",
      "type": "hum"
    },
    {
      "sensor_id": "lab2_temp_1",
      "lab_id": "lab2",
      "type": "temp"
    },
    {
      "sensor_id": "lab2_temp_2",
      "lab_id": "lab2",
      "type": "temp"
    },
    {
      "sensor_id": "lab2_hum_1",
      "lab_id": "lab2",
      "type": "hum"
    },
    {
      "sensor_id": "lab2_hum_2",
      "lab_id": "lab2",
      "type": "hum"
    },
    {
      "sensor_id": "lab3_temp_1",
      "lab_id": "lab3",
      "type": "temp"
    },
    {
      "sensor_id": "lab3_temp_2",
      "lab_id": "lab3",
      "type": "temp"
    },
    {
      "sensor_id": "lab3_hum_1",
      "lab_id": "lab3",
      "type": "hum"
    },
    {
      "sensor_id": "lab3_hum_2",
      "lab_id": "lab3",
      "type": "hum"
    }
  ],
  "actuators": [
    {
      "actuator_id": "lab1_fan_1",
      "lab_id": "lab1",
      "type": "fan"
    },
    {
      "actuator_id": "lab1_dehumidifier_1",
      "lab_id": "lab1",
      "type": "dehumidifier"
    },
    {
      "actuator_id": "lab1_humidifier_1",
      "lab_id": "lab1",
      "type": "humidifier"
    },
    {
      "actuator_id": "lab1_heater_1",
      "lab_id": "lab1",
      "type": "heater"
    },
    {
      "actuator_id": "lab2_fan_1",
      "lab_id": "lab2",
      "type": "fan"
    },
    {
      "actuator_id": "lab2_dehumidifier_1",
      "lab_id": "lab2",
      "type": "dehumidifier"
    },
    {
      "actuator_id": "lab2_humidifier_1",
      "lab_id": "lab2",
      "type": "humidifier"
    },
    {
      "actuator_id": "lab2_heater_1",
      "lab_id": "lab2",
      "type": "heater"
    },
    {
      "actuator_id": "lab3_fan_1",
      "lab_id": "lab3",
      "type": "fan"
    },
    {
      "actuator_id": "lab3_dehumidifier_1",
      "lab_id": "lab3",
      "type": "dehumidifier"
    },
    {
      "actuator_id": "lab3_humidifier_1",
      "lab_id": "lab3",
      "type": "humidifier"
    },
    {
      "actuator_id": "lab3_heater_1",
      "lab_id": "lab3",
      "type": "heater"
    }
  ]
}